{
  "model_name": "HooshvareLab/bert-base-parsbert-uncased",
  "num_classes": 3,
  "label_encoder_classes": [
    "negative",
    "neutral",
    "positive"
  ],
  "config": {
    "learning_rate": 2e-05,
    "batch_size": 16,
    "num_epochs": 3,
    "warmup_steps": 500,
    "weight_decay": 0.01,
    "adam_epsilon": 1e-08
  },
  "stats": {
    "model_name": "HooshvareLab/bert-base-parsbert-uncased",
    "training_time": 5169.811838,
    "total_parameters": 162845187,
    "trainable_parameters": 162845187,
    "model_size_mb": 0.0,
    "device_used": "cpu",
    "max_gpu_memory_mb": 0.0,
    "timestamp": null
  },
  "training_history": {
    "train_loss": [
      0.7943064807490869,
      0.3965380804782564,
      0.2555986488745971
    ],
    "train_accuracy": [
      0.6828571428571428,
      0.85,
      0.9171428571428571
    ],
    "val_loss": [
      0.5370139735085624,
      0.4058250742299216,
      0.412149829523904
    ],
    "val_accuracy": [
      0.79,
      0.86,
      0.88
    ],
    "learning_rates": [
      1.4789915966386557e-05,
      7.394957983193279e-06,
      0.0
    ],
    "epochs": [
      1,
      2,
      3
    ]
  },
  "evaluation_results": {
    "test_loss": 0.32600143494514316,
    "test_accuracy": 0.89,
    "predictions": [
      "0",
      "2",
      "2",
      "2",
      "0",
      "0",
      "2",
      "2",
      "0",
      "0",
      "0",
      "0",
      "2",
      "0",
      "2",
      "0",
      "0",
      "0",
      "0",
      "2",
      "2",
      "2",
      "0",
      "0",
      "0",
      "2",
      "0",
      "0",
      "0",
      "0",
      "0",
      "2",
      "0",
      "0",
      "0",
      "0",
      "2",
      "0",
      "0",
      "2",
      "2",
      "1",
      "2",
      "0",
      "0",
      "0",
      "1",
      "0",
      "0",
      "0",
      "0",
      "0",
      "2",
      "2",
      "0",
      "2",
      "0",
      "2",
      "0",
      "2",
      "2",
      "0",
      "0",
      "0",
      "0",
      "2",
      "2",
      "2",
      "0",
      "0",
      "0",
      "0",
      "0",
      "0",
      "0",
      "0",
      "0",
      "2",
      "2",
      "0",
      "0",
      "2",
      "0",
      "0",
      "0",
      "0",
      "2",
      "0",
      "0",
      "0",
      "0",
      "2",
      "0",
      "2",
      "2",
      "2",
      "0",
      "0",
      "2",
      "2",
      "0",
      "2",
      "0",
      "0",
      "2",
      "2",
      "2",
      "0",
      "0",
      "1",
      "0",
      "0",
      "0",
      "2",
      "0",
      "0",
      "0",
      "2",
      "0",
      "0",
      "2",
      "2",
      "0",
      "2",
      "2",
      "0",
      "2",
      "0",
      "0",
      "0",
      "0",
      "0",
      "0",
      "2",
      "2",
      "0",
      "0",
      "0",
      "0",
      "0",
      "0",
      "0",
      "0",
      "2",
      "2",
      "0",
      "0",
      "0",
      "0",
      "0",
      "2",
      "2",
      "0",
      "0",
      "0",
      "0",
      "1",
      "0",
      "0",
      "0",
      "0",
      "2",
      "0",
      "0",
      "0",
      "0",
      "0",
      "2",
      "2",
      "0",
      "0",
      "0",
      "0",
      "0",
      "0",
      "1",
      "2",
      "0",
      "0",
      "2",
      "0",
      "0",
      "0",
      "2",
      "2",
      "0",
      "0",
      "0",
      "0",
      "2",
      "0",
      "2",
      "0",
      "2",
      "2",
      "2",
      "0",
      "2",
      "1",
      "0"
    ],
    "true_labels": [
      "0",
      "2",
      "2",
      "2",
      "0",
      "0",
      "2",
      "2",
      "0",
      "0",
      "0",
      "0",
      "2",
      "2",
      "2",
      "0",
      "0",
      "0",
      "0",
      "2",
      "2",
      "2",
      "0",
      "0",
      "0",
      "2",
      "1",
      "0",
      "1",
      "0",
      "0",
      "2",
      "0",
      "0",
      "0",
      "0",
      "2",
      "2",
      "0",
      "2",
      "2",
      "1",
      "2",
      "0",
      "0",
      "2",
      "0",
      "0",
      "1",
      "0",
      "0",
      "1",
      "2",
      "2",
      "0",
      "2",
      "0",
      "2",
      "0",
      "2",
      "0",
      "1",
      "0",
      "0",
      "0",
      "2",
      "2",
      "2",
      "0",
      "0",
      "0",
      "0",
      "0",
      "0",
      "0",
      "0",
      "1",
      "2",
      "2",
      "0",
      "0",
      "1",
      "0",
      "0",
      "0",
      "0",
      "0",
      "0",
      "0",
      "0",
      "0",
      "2",
      "0",
      "2",
      "2",
      "2",
      "0",
      "0",
      "2",
      "2",
      "0",
      "2",
      "0",
      "0",
      "1",
      "2",
      "2",
      "0",
      "0",
      "1",
      "0",
      "0",
      "0",
      "2",
      "0",
      "0",
      "0",
      "2",
      "0",
      "0",
      "2",
      "2",
      "0",
      "2",
      "2",
      "0",
      "2",
      "0",
      "0",
      "0",
      "0",
      "0",
      "0",
      "2",
      "2",
      "1",
      "0",
      "0",
      "0",
      "0",
      "0",
      "0",
      "0",
      "2",
      "2",
      "0",
      "0",
      "1",
      "0",
      "0",
      "2",
      "2",
      "0",
      "0",
      "0",
      "0",
      "1",
      "0",
      "0",
      "0",
      "2",
      "1",
      "0",
      "0",
      "0",
      "0",
      "0",
      "2",
      "2",
      "0",
      "0",
      "0",
      "0",
      "0",
      "0",
      "1",
      "2",
      "0",
      "0",
      "2",
      "1",
      "0",
      "0",
      "2",
      "2",
      "0",
      "0",
      "0",
      "0",
      "2",
      "0",
      "2",
      "0",
      "1",
      "2",
      "0",
      "0",
      "1",
      "1",
      "0"
    ],