{
  "model_info": {
    "model_type": "Logistic Regression",
    "timestamp": "2025-07-21T11:31:42.052393",
    "configuration": {
      "C": 1.0,
      "max_iter": 1000,
      "random_state": 42,
      "solver": "liblinear"
    },
    "training_configuration": {
      "test_size": 0.2,
      "validation_size": 0.2,
      "random_state": 42,
      "stratify": true,
      "cross_validation_folds": 5,
      "early_stopping_patience": 3,
      "checkpoint_every": 100
    }
  },
  "training_summary": {
    "training_time": 0.120341,
    "train_accuracy": 0.9234650967199327,
    "test_accuracy": 0.802013422818792,
    "train_f1": 0.9221357613978131,
    "test_f1": 0.7844228790008335,
    "feature_types": [
      "tfidf",
      "text_length",
      "sentiment_lexicon"
    ],
    "feature_count": 2370,
    "sample_count": 1487,
    "cross_validation": {
      "accuracy": {
        "mean": 0.810340541884166,
        "std": 0.01181200707977283,
        "min": 0.797979797979798,
        "max": 0.8322147651006712,
        "scores": [
          0.8322147651006712,
          0.8120805369127517,
          0.797979797979798,
          0.8047138047138047,
          0.8047138047138047
        ]
      },
      "precision": {
        "mean": 0.7939019530259114,
        "std": 0.012532899587331257,
        "min": 0.7776842499064721,
        "max": 0.8138988584154396,
        "scores": [
          0.8138988584154396,
          0.8009562074925367,
          0.7776842499064721,
          0.7911341246358082,
          0.7858363246793
        ]
      },
      "recall": {
        "mean": 0.810340541884166,
        "std": 0.01181200707977283,
        "min": 0.797979797979798,
        "max": 0.8322147651006712,
        "scores": [
          0.8322147651006712,
          0.8120805369127517,
          0.797979797979798,
          0.8047138047138047,
          0.8047138047138047
        ]
      },
      "f1": {
        "mean": 0.7913170076046987,
        "std": 0.009585741778646848,
        "min": 0.7774693915836841,
        "max": 0.8042287261882952,
        "scores": [
          0.8042287261882952,
          0.7968219030894935,
          0.7835451806743673,
          0.7945198364876532,
          0.7774693915836841
        ]
      }
    }
  },
  "evaluation_results": {
    "train_metrics": {
      "accuracy": 0.9234650967199327,
      "precision_macro": 0.9022517950832752,
      "precision_weighted": 0.9223478477769832,
      "recall_macro": 0.8649671709701718,
      "recall_weighted": 0.9234650967199327,
      "f1_macro": 0.8823993888205667,
      "f1_weighted": 0.9221357613978131,
      "roc_auc_ovr": 0.9789186590568653,
      "roc_auc_ovo": 0.9767926456896557
    },
    "test_metrics": {
      "accuracy": 0.802013422818792,
      "precision_macro": 0.7078880192992791,
      "precision_weighted": 0.7871092988856112,
      "recall_macro": 0.5996689040884765,
      "recall_weighted": 0.802013422818792,
      "f1_macro": 0.6343192225025699,
      "f1_weighted": 0.7844228790008335,
      "roc_auc_ovr": 0.8632254162036493,
      "roc_auc_ovo": 0.8406572138695352
    },
    "prediction_time": 0.001006,
    "feature_importance": {
      "negative": {
        "positive": [
          [
            "tfidf_نمیکنه",
            2.066890808452101
          ],
          [
            "tfidf_نمی",
            1.7132378015933318
          ],
          [
            "tfidf_می",
            1.197841431219858
          ],
          [
            "tfidf_پرداخت",
            1.187495033971342
          ],
          [
            "tfidf_خطا",
            1.1702786919716845
          ],
          [
            "tfidf_رسانی",
            1.161343168345019
          ],
          [
            "tfidf_میزنه",
            1.0916314063356096
          ]
        ],
        "negative": [
          [
            "tfidf_عالیه",
            -2.6491228420980115
          ],
          [
            "tfidf_ممنون",
            -1.8102645946655849
          ],
          [
            "tfidf_کاربردی",
            -1.4651623971550247
          ],
          [
            "tfidf_اضافه",
            -1.33605171667238
          ],
          [
            "tfidf_ملت",
            -1.3242421394703698
          ],
          [
            "tfidf_تشکر",
            -1.2676672940127598
          ],
          [
            "tfidf_دوستان",
            -1.248563879743412
          ],
          [
            "tfidf_خوبیه",
            -1.218793490337678
          ],
          [
            "tfidf_خوبه",
            -1.2024064013441296
          ],
          [
            "tfidf_ممنونم",
            -1.1337617796308121
          ],
          [
            "tfidf_راضیم",
            -1.1166778208438337
          ],
          [
            "tfidf_گرم",
            -1.092274142269697
          ],
          [
            "tfidf_سپاس",
            -1.0757087435300476
          ]
        ]
      },
      "neutral": {
        "positive": [
          [
            "tfidf_راهنمایی",
            2.9813819589408044
          ],
          [
            "tfidf_اضافه",
            2.485354715523583
          ],
          [
            "tfidf_چجوری",
            2.2366402159246612
          ],
          [
            "tfidf_داشته_باشم",
            1.9562903200307042
          ],
          [
            "tfidf_وام",
            1.9247225074119494
          ],
          [
            "tfidf_سلام",
            1.7019437262608423
          ],
          [
            "tfidf_اونوقت",
            1.6241503006206064
          ],
          [
            "tfidf_بدک",
            1.554473391280193
          ],
          [
            "tfidf_پاک",
            1.524189927832725
          ],
          [
            "tfidf_بیارید",
            1.4805181520805781
          ],
          [
            "tfidf_درخواست",
            1.4783910431290939
          ],
          [
            "tfidf_خودکار",
            1.468941919550972
          ],
          [
            "tfidf_خوبیه",
            1.4684532509348551
          ],
          [
            "tfidf_اجازه",
            1.4326493792056816
          ],
          [
            "tfidf_حضوری",
            1.403927782015241
          ],
          [
            "tfidf_۲۳",
            1.37330085545301
          ]
        ],
        "negative": [
          [
            "tfidf_نمیکنه",
            -1.704459869256037
          ],
          [
            "tfidf_نمی",
            -1.4900741212733528
          ],
          [
            "tfidf_می",
            -1.4048115210232202
          ],
          [
            "tfidf_راضی",
            -1.3721345867549433
          ]
        ]
      },