{
  "extraction_summary": {
    "timestamp": "2025-07-21T03:30:54.986989",
    "documents_processed": 1497,
    "vocabulary_size": 1381,
    "feature_matrix_shape": [
      1497,
      1381
    ],
    "sparsity": 0.9948397881933309,
    "processing_time_seconds": 0.014008
  },
  "configuration": {
    "max_features": 10000,
    "min_df": 2,
    "max_df": 0.8,
    "ngram_range": [
      1,
      2
    ],
    "use_idf": true,
    "smooth_idf": true
  },
  "feature_analysis": {
    "top_features": {
      "سلام": 54.04893112182617,
      "کارت": 53.7510986328125,
      "همراه": 42.27627182006836,
      "رمز": 36.52910614013672,
      "حساب": 36.20478439331055,
      "پرداخت": 32.61571502685547,
      "مشکل": 32.31133270263672,
      "عالیه": 30.015756607055664,
      "رسانی": 28.171567916870117,
      "نمیکنه": 26.599388122558594,
      "ممنون": 23.225000381469727,
      "وام": 22.752180099487305,
      "بانکی": 22.419719696044922,
      "کد": 22.290996551513672,
      "نرم‌افزار": 20.659774780273438,
      "فعال": 20.01173973083496,
      "پیامک": 18.426422119140625,
      "نسخه": 18.424331665039062,
      "اقساط": 18.38479232788086,
      "خوبه": 17.85993003845215,
      "تسهیلات": 17.7796688079834,
      "افتتاح": 17.598621368408203,
      "قسمت": 17.581541061401367,
      "خطا": 17.565658569335938,
      "کاربری": 17.52806282043457,
      "انتقال": 17.443572998046875,
      "به‌روز": 15.783353805541992,
      "شماره": 15.686274528503418,
      "پول": 15.279956817626953,
      "تایید": 15.230782508850098,
      "میزنه": 14.965641021728516,
      "ورود": 14.643325805664062,
      "راضی": 14.617024421691895,
      "نمیاد": 14.105478286743164,
      "ثبت‌نام": 14.054256439208984,
      "اضافه": 13.995223999023438,
      "افتضاح": 13.816357612609863,
      "همش": 13.788187026977539,
      "خوبیه": 13.628825187683105,
      "نمیده": 13.57968807220459,
      "قسط": 13.542275428771973,
      "امکان": 13.465435981750488,
      "نمیتونم": 13.31010627746582,
      "ملت": 13.22326374053955,
      "نظر": 13.188799858093262,
      "گوشی": 12.504244804382324,
      "ستاره": 12.425640106201172,
      "آپدیت": 12.37061595916748,
      "ملی": 12.283114433288574,
      "تشکر": 12.27224349975586
    },
    "feature_distribution": {
      "total_features": 1381,
      "unigrams": 1381,
      "bigrams": 0,
      "trigrams": 0,
      "unigram_ratio": 1.0,
      "bigram_ratio": 0.0
    },
    "vocabulary_coverage": 1381
  },
  "data_characteristics": {
    "avg_document_length": 10.832999331997328,
    "unique_documents": 1484,
    "label_distribution": {}
  }
}