{
  "training_summary": {
    "timestamp": "2025-07-21T09:34:18.662503",
    "vocabulary_size": 1312,
    "total_words": 16065,
    "training_time_seconds": 8.364496,
    "model_size_mb": 1.0009765625,
    "epochs_trained": 100
  },
  "configuration": {
    "vector_size": 200,
    "window": 5,
    "min_count": 2,
    "workers": 4,
    "epochs": 100,
    "sg": 1
  },
  "evaluation_metrics": {
    "vocabulary_coverage": {
      "total_unique_words": 3331,
      "words_in_model": 1312,
      "coverage_ratio": 0.39387571299909935,
      "most_frequent_words": {
        ".": 786,
        "ุ": 486,
        "ฺฉุงุฑ": 368,
        "ุณูุง": 249,
        "ุญุณุงุจ": 234,
        "ุฑูุฒ": 213,
        "ููุฑุงู": 202,
        "ูุดฺฉู": 176,
        "ุจุงูฺฉ": 169,
        "ูพุฑุฏุงุฎ": 121,
        "ุฑุณุงู": 116,
        "ฺฉุฏ": 110,
        "ุ": 107,
        "ูุง": 100,
        "ูพุงูฺฉ": 98,
        "ุนุงูู": 96,
        "ูุฑูโุงูุฒุงุฑ": 91,
        "ูุนุงู": 88,
        "ููฺฉูู": 86,
        "ููููู": 85
      }
    },
    "word_similarities": {
      "ุจุงูฺฉ": [
        [
          "ูุฏุงุฑุน",
          0.3415278494358063
        ],
        [
          "ฺุฒ",
          0.3340894281864166
        ],
        [
          "ููุณุณ",
          0.32435402274131775
        ],
        [
          "ุจูู",
          0.3221346437931061
        ],
        [
          "ูุฑุถโุงูุญุณูู",
          0.31062042713165283
        ],
        [
          "ููุงุณู",
          0.3086393177509308
        ],
        [
          "ุชุฑู",
          0.30674129724502563
        ],
        [
          "ูุฑ",
          0.3044452667236328
        ],
        [
          "ุงุฑุงูู",
          0.29636499285697937
        ],
        [
          "ูุชูู",
          0.29492446780204773
        ]
      ],
      "ุงูพูฺฉุดู": [
        [
          "ุจุชููู",
          0.6858890056610107
        ],
        [
          "ุจุงุดู",
          0.6236657500267029
        ],
        [
          "ุจุฐุงุฑู",
          0.619861364364624
        ],
        [
          "ุฎุฏูุงุช",
          0.6058259010314941
        ],
        [
          "ูฺฉูู",
          0.6011459827423096
        ],
        [
          "๏ธ๐น",
          0.573041558265686
        ],
        [
          "ฺฉุฑุฏู",
          0.5657618641853333
        ],
        [
          "ููุจ_ูุฑูุฒ",
          0.5650463700294495
        ],
        [
          "ุงููุฏ",
          0.5584867000579834
        ],
        [
          "ุฏุนุง",
          0.547282338142395
        ]
      ],
      "ฺฉุงุฑุช": [
        [
          "ุจุฎุฑ",
          0.5691531896591187
        ],
        [
          "ุชููุน",
          0.5679960250854492
        ],
        [
          "ูุฑุฏูุนู",
          0.5497308969497681
        ],
        [
          "ุฏูุชุฑฺู",
          0.5269994139671326
        ],
        [
          "ฺฉุงุฑูฺฉูู",
          0.5267831087112427
        ],
        [
          "ุณ",
          0.5228142142295837
        ],
        [
          "ุจุฑฺฏุฒุฏู",
          0.5143722891807556
        ],
        [
          "ุฎุทุงูุฏู",
          0.5114336609840393
        ],
        [
          "ููุธ",
          0.5107104778289795
        ],
        [
          "ููุทู",
          0.5068323016166687
        ]
      ],
      "ูพูู": [
        [
          "ุจฺฏุฑู",
          0.40124425292015076
        ],
        [
          "ุจุฑุงููู",
          0.3741489350795746
        ],
        [
          "ฺฉุงุฑูฺฉูู",
          0.372674822807312
        ],
        [
          "ุชุดฺฉู",
          0.37177133560180664
        ],
        [
          "ูฺฏู",
          0.36436083912849426
        ],
        [
          "ฺฉู",
          0.36430394649505615
        ],
        [
          "ุฏุฒุฏุฏู",
          0.3609054386615753
        ],
        [
          "ููุงุฑุฏ",
          0.3561643958091736
        ],
        [
          "ุจุงุฑู",
          0.3501824140548706
        ],
        [
          "ุญุชุง",
          0.3495003283023834
        ]
      ],
      "ุญุณุงุจ": [
        [
          "ุงูุชุชุงุญ",
          0.4125770628452301
        ],
        [
          "ุชูู",
          0.38496214151382446
        ],
        [
          "ฑณฐ",
          0.3801054060459137
        ],
        [
          "ุฑูฺฏุฑ",
          0.37924477458000183
        ],
        [
          "ุจุฑุงููู",
          0.35760509967803955
        ],
        [
          "ูุฑ",
          0.35256657004356384
        ],
        [
          "ุฑุงฺฏ",
          0.3450227677822113
        ],
        [
          "ุฌุงุฑ",
          0.3392408788204193
        ],
        [
          "ุงููุงู",
          0.3371421694755554
        ],
        [
          "ุณุจุง",
          0.3336241543292999
        ]
      ],
      "ุงูุชูุงู": [
        [
          "ุงููุถุง",
          0.4215133488178253
        ],
        [
          "ูุฌู",
          0.4145784080028534
        ],
        [
          "ุงูฺฉ",
          0.3957565724849701
        ],
        [
          "ุฑูุฒุฏู",
          0.3908810615539551
        ],
        [
          "ุดุจุง",
          0.3868548572063446
        ],
        [
          "ููุตุฏ",
          0.3820653259754181
        ],
        [
          "ุณุงุชูุง",
          0.37890028953552246
        ],
        [
          "ูพุงุง",
          0.3762355148792267
        ],
        [
          "ูโุดู",
          0.36319053173065186
        ],
        [
          "ุงูุฒุง",
          0.3619160056114197
        ]
      ],
      "ุฑูุฒ": [
        [
          "ุฏูุฑู",
          0.5142959952354431
        ],
        [
          "ูพูุง",
          0.5018314719200134
        ],
        [
          "ุขุฒุงุฑ",
          0.48210781812667847
        ],
        [
          "ฺฉูฺฉ",
          0.4707012474536896
        ],
        [
          "ุงููู",
          0.4440470337867737
        ],
        [
          "ุงุณุชุง",
          0.43781977891921997
        ],
        [
          "ุฎู",
          0.43538349866867065
        ],
        [
          "ุงุดุชุจุงูู",
          0.43402209877967834
        ],
        [
          "ูุฑุงููุด",
          0.43211105465888977
        ],
        [
          "ุฎุทุงูุฏู",
          0.4283764362335205
        ]
      ],
      "ูพุณูุฑุฏ": [
        [
          "ุดฺฉู",
          0.711980402469635
        ],
        [
          "ุชฺฉุฑุงุฑ",
          0.6983947157859802
        ],
        [
          "ูุฑุณู",
          0.5830773115158081
        ],
        [
          "ูพุบุง",
          0.5812687873840332
        ],
        [
          "ููุธูุฑ",
          0.5739437341690063
        ],
        [
          "ุชุนุฑู",
          0.5632562637329102
        ],
        [
          "ูุนุงูโุณุงุฒ",
          0.5578932762145996
        ],
        [
          "ุฏุงุฏู",
          0.5516515374183655
        ],
        [
          "ูู",
          0.5515174269676208
        ],
        [
          "ุฏุงุฆ",
          0.5419589877128601
        ]
      ],
      "ุงููุช": [
        [
          "ูโูุฑุณุชู",
          0.6693615317344666
        ],
        [
          "ู",
          0.6607793569564819
        ],
        [
          "ุญุชุง",
          0.6244779825210571
        ],
        [
          "ุจุฏูู",
          0.6209701299667358
        ],
        [
          "ูุด",
          0.6135088801383972
        ],
        [
          "ุนุฌุจู",
          0.6045675277709961
        ],
        [
          "ููุฐุงุฑู",
          0.6038330793380737
        ],
        [
          "ุุุุุ",
          0.556969165802002
        ],
        [
          "ุจุฑฺฏุฒุฏู",
          0.5520038604736328
        ],
        [
          "ูุฑุงูุฏ",
          0.5479289889335632
        ]
      ],